plot,block,rate,PD,s1,s2,s3,s4,s5,s6,s7,s8,s9,s10,s11,s12,s13,s14,s15,s16,s17,s18,s19,s20,s21,s22,s23,s24,s25,s26,s27,s28,s29,s30,s31,s32,s33,s34,s35,s36,s37,s38,s39,s40,s41,s42,s43,s44,s45,s46,s47,s48,s49,s50,s51,s52,s53,s54,s55,s56,s57,s58,s59,s60,s61,s62,s63,s64,s65,s66,s67,s68,s69,s70,s71,s72,s73,s74,s75,s76,s77,s78,s79,s80,s81,s82,s83,s84,s85,s86,s87,s88,s89,s90,s91,s92,s93,s94,s95,s96,s97,s98,s99,s100,s101,s102,s103,s104,s105,s106,s107,s108,s109,s110,s111,s112,s113,s114,s115,s116,s117,s118,s119,s120,s121,s122,s123,s124,s125,s126,s127,s128,s129,s130,s131,s132,s133,s134,s135,s136,s137,s138,s139,s140,s141,s142,s143,s144,s145,s146,s147,s148,s149,s150,s151,s152,s153,s154,s155,s156,s157,s158,s159,h1,h2,h3,h4,h5,h6,h7,h8,h9,h10,h11,h12,h13,h14,h15,h16,h17,h18,h19,h20,h21,h22,h23,h24,h25,h26,h27,h28,h29,h30,h31,h32,h33,h34,h35,h36,h37,h38,h39,h40,h41,h42,h43,h44,h45,h46,h47,h48,h49,h50,h51,h52,h53,h54,h55,h56,h57,h58,h59,h60,h61,h62,h63,h64,h65,h66,h67,h68,h69,h70,h71,h72,h73,h74,h75,h76,h77,h78,h79,h80,h81,h82,h83,h84,h85,h86,h87,h88,h89,h90,h91,h92,h93,h94,h95,h96,h97,h98,h99,h100,h101,h102,h103,h104,h105,h106,h107,h108,h109,h110,h111,h112,h113,h114,h115,h116,h117,h118,h119,h120,h121,h122,h123,h124,h125,h126,h127,h128,h129,h130,h131,h132,h133,h134,h135,h136,h137,h138,h139,h140,h141,h142,h143,h144,h145,h146,h147,h148,h149,h150,h151,h152,h153,h154,h155,h156,h157,h158,h159,d1,d2,d3,d4,d5,d6,d7,d8,d9,d10,d11,d12,d13,d14,d15,d16,d17,d18,d19,d20,d21,d22,d23,d24,d25,d26,d27,d28,d29,d30,d31,d32,d33,d34,d35,d36,d37,d38,d39,d40,d41,d42,d43,d44,d45,d46,d47,d48,d49,d50,d51,d52,d53,d54,d55,d56,d57,d58,d59,d60,d61,d62,d63,d64,d65,d66,d67,d68,d69,d70,d71,d72,d73,d74,d75,d76,d77,d78,d79,d80,d81,d82,d83,d84,d85,d86,d87,d88,d89,d90,d91,d92,d93,d94,d95,d96,d97,d98,d99,d100,d101,d102,d103,d104,d105,d106,d107,d108,d109,d110,d111,d112,d113,d114,d115,d116,d117,d118,d119,d120,d121,d122,d123,d124,d125,d126,d127,d128,d129,d130,d131,d132,d133,d134,d135,d136,d137,d138,d139,d140,d141,d142,d143,d144,d145,d146,d147,d148,d149,d150,d151,d152,d153,d154,d155,d156,d157,d158,d159
101E,1,1.5,Early,na,na,57,49,47,57,57,59,55,49,55,55,59,57,59,57,57,59,57,59,59,55,57,59,57,59,59,57,57,57,57,59,57,59,59,59,55,57,53,59,55,55,57,59,59,57,57,59,59,53,57,57,59,59,59,57,57,57,59,57,57,57,53,59,57,57,57,59,59,59,59,57,57,59,59,59,59,57,59,59,59,60,0,0,0,0,0,0,0,0,0,0,0,0,0,0,0,0,0,0,0,0,0,0,0,0,0,0,0,0,0,0,0,0,0,0,0,0,0,0,0,0,0,0,0,0,0,0,0,0,0,0,0,0,0,0,0,0,0,0,0,0,0,0,0,0,0,0,0,0,0,0,0,0,0,0,0,0,0,20.3,22.9,31.8,40.6,45.7,48.3,48.3,50.8,50.8,50.8,53.3,53.3,61,61,61,63.5,63.5,66,66,66,66,68.6,71.1,71.1,71.1,73.7,73.7,73.7,73.7,73.7,73.7,76.2,76.2,78.7,78.7,78.7,78.7,78.7,80,80,80,81.3,81.3,81.3,81.3,81.3,83.8,83.8,83.8,83.8,83.8,83.8,86.4,86.4,86.4,86.4,86.4,86.4,86.4,88.9,88.9,88.9,88.9,90.2,91.4,91.4,91.4,91.4,91.4,91.4,94,94,94,96.5,96.5,97.8,99.1,99.1,99.1,101.6,104.1,106.7,0,0,0,0,0,0,0,0,0,0,0,0,0,0,0,0,0,0,0,0,0,0,0,0,0,0,0,0,0,0,0,0,0,0,0,0,0,0,0,0,0,0,0,0,0,0,0,0,0,0,0,0,0,0,0,0,0,0,0,0,0,0,0,0,0,0,0,0,0,0,0,0,0,0,0,0,0,0.5,0.6,1.1,1.7,1.2,1,1.3,1.2,1.4,2.1,1.7,2,1.4,2,2.8,2.2,2.4,1.9,1.9,2,2.2,2.5,2.5,2.6,3.5,2.3,2.3,2.5,2.7,3.1,3.2,2.6,2.8,2.1,2.5,2.7,3.5,3.7,2.8,3,3.1,2.2,3,3.7,4.2,4.3,2.7,2.7,3,3.3,3.3,3.4,2.4,3,3,3,3.1,3.3,4.9,2.3,3,3.1,3.2,4.4,2.5,2.8,3.1,3.5,3.6,3.8,2.8,3.6,4,3.8,4.5,4,3.3,3.4,3.6,2.9,4.6,4.3,0,0,0,0,0,0,0,0,0,0,0,0,0,0,0,0,0,0,0,0,0,0,0,0,0,0,0,0,0,0,0,0,0,0,0,0,0,0,0,0,0,0,0,0,0,0,0,0,0,0,0,0,0,0,0,0,0,0,0,0,0,0,0,0,0,0,0,0,0,0,0,0,0,0,0,0,0
101L,1,1.5,Late,25,61,69,61,61,69,69,69,69,69,63,69,67,69,67,69,69,69,67,67,69,69,67,69,67,69,67,61,63,67,69,69,67,67,67,67,69,30,67,69,67,69,67,67,69,69,69,69,67,69,67,67,69,69,69,67,69,69,69,69,69,69,67,0,0,0,0,0,0,0,0,0,0,0,0,0,0,0,0,0,0,0,0,0,0,0,0,0,0,0,0,0,0,0,0,0,0,0,0,0,0,0,0,0,0,0,0,0,0,0,0,0,0,0,0,0,0,0,0,0,0,0,0,0,0,0,0,0,0,0,0,0,0,0,0,0,0,0,0,0,0,0,0,0,0,0,0,0,0,0,0,0,0,0,0,0,0,0,0,15.2,66,71.1,76.2,83.8,88.9,88.9,88.9,91.4,94,96.5,101.6,104.1,106.7,106.7,109.2,111.8,111.8,111.8,111.8,114.3,114.3,114.3,114.3,114.3,116.8,119.4,119.4,121.9,121.9,121.9,121.9,121.9,121.9,124.5,124.5,124.5,127,127,127,129.5,129.5,129.5,132.1,132.1,132.1,134.6,134.6,134.6,137.2,137.2,139.7,139.7,142.2,142.2,142.2,144.8,147.3,149.9,152.4,152.4,154.9,165.1,0,0,0,0,0,0,0,0,0,0,0,0,0,0,0,0,0,0,0,0,0,0,0,0,0,0,0,0,0,0,0,0,0,0,0,0,0,0,0,0,0,0,0,0,0,0,0,0,0,0,0,0,0,0,0,0,0,0,0,0,0,0,0,0,0,0,0,0,0,0,0,0,0,0,0,0,0,0,0,0,0,0,0,0,0,0,0,0,0,0,0,0,0,0,0,0,na,1.67,1.81,0.94,1.51,1.09,1.23,1.57,1.62,1.44,1.57,1.88,1.38,1.38,2.76,2.05,1.68,1.72,1.83,2.06,1.63,1.72,1.88,1.94,2.21,2.35,2.01,2.56,2,2.14,2.28,2.46,2.5,2.77,2.09,2.12,2.84,1.02,2.43,2.86,2.4,2.46,3,2.31,2.41,3.15,2.42,2.78,3.59,2.24,2.83,2.7,3.14,3.26,3.44,4.17,3.09,3.38,3.6,3.11,3.56,3.75,3.25,0,0,0,0,0,0,0,0,0,0,0,0,0,0,0,0,0,0,0,0,0,0,0,0,0,0,0,0,0,0,0,0,0,0,0,0,0,0,0,0,0,0,0,0,0,0,0,0,0,0,0,0,0,0,0,0,0,0,0,0,0,0,0,0,0,0,0,0,0,0,0,0,0,0,0,0,0,0,0,0,0,0,0,0,0,0,0,0,0,0,0,0,0,0,0,0
102E,1,0,Early,43,57,49,41,53,55,49,43,53,49,49,49,49,49,47,49,43,51,49,43,55,45,55,45,49,55,53,49,53,49,53,49,51,49,57,49,57,55,55,49,57,53,47,49,59,49,55,53,49,49,53,51,53,49,49,49,55,57,49,55,53,51,55,45,59,55,55,53,51,57,55,49,53,53,55,53,49,59,55,53,49,59,55,51,59,57,55,53,49,55,53,59,55,59,55,59,55,57,55,57,0,0,0,0,0,0,0,0,0,0,0,0,0,0,0,0,0,0,0,0,0,0,0,0,0,0,0,0,0,0,0,0,0,0,0,0,0,0,0,0,0,0,0,0,0,0,0,0,0,0,0,0,0,0,0,0,0,0,0,20.3,21.6,22.9,22.9,25.4,25.4,25.4,25.4,25.4,30.5,30.5,30.5,33,33,33,33,35.6,35.6,35.6,35.6,38.1,38.1,39.4,39.4,39.4,40.6,40.6,40.6,40.6,40.6,40.6,40.6,41.9,43.2,43.2,43.2,43.2,44.5,44.5,44.5,45.7,45.7,45.7,45.7,45.7,47,48.3,48.3,48.3,48.3,48.3,48.3,48.3,49.5,49.5,50.8,50.8,50.8,50.8,52.1,52.1,53.3,53.3,53.3,53.3,53.3,53.3,53.3,53.3,55.9,55.9,55.9,55.9,55.9,57.2,57.2,57.2,58.4,58.4,58.4,58.4,58.4,58.4,58.4,59.2,59.7,61,61,61,62.2,63.5,63.5,63.5,63.5,63.5,68.6,68.6,68.6,69.9,71.1,0,0,0,0,0,0,0,0,0,0,0,0,0,0,0,0,0,0,0,0,0,0,0,0,0,0,0,0,0,0,0,0,0,0,0,0,0,0,0,0,0,0,0,0,0,0,0,0,0,0,0,0,0,0,0,0,0,0,0,1,1.1,1.2,1.3,0.7,0.9,0.9,1.2,1.2,0.8,1.1,1.1,0.9,1.7,1.7,1.7,1.2,1.2,1.4,2,1.4,1.6,1.4,1.5,2.1,1.2,1.4,1.4,1.5,1.6,1.7,1.8,1.9,1.1,1.2,1.4,1.6,1.4,1.8,2,1,1,1.1,1.8,1.9,1.8,1.1,1.6,1.6,1.7,1.8,1.9,2.2,1.6,1.8,1.5,1.7,2.3,2.3,1.6,2.3,1.5,1.6,2,2.1,2.2,2.3,2.4,2.6,1.4,1.7,1.9,1.9,2.3,1.7,2.2,2.4,1.4,1.7,1.9,2,2.2,2.2,2.4,2.5,2.3,2,2.5,2.7,1.8,1.9,1.9,2.3,2.7,2.7,1.9,2,3.1,2.4,2.8,0,0,0,0,0,0,0,0,0,0,0,0,0,0,0,0,0,0,0,0,0,0,0,0,0,0,0,0,0,0,0,0,0,0,0,0,0,0,0,0,0,0,0,0,0,0,0,0,0,0,0,0,0,0,0,0,0,0,0
102L,1,0,Late,25,59,45,61,59,63,61,64,64,63,61,67,63,67,69,67,65,69,67,69,65,67,67,69,69,61,67,67,69,69,69,67,69,67,69,67,67,69,67,69,69,69,69,67,67,69,69,69,69,67,67,67,69,69,69,69,69,63,69,69,67,67,67,67,69,69,69,69,67,69,67,67,69,69,67,65,69,67,69,67,69,0,0,0,0,0,0,0,0,0,0,0,0,0,0,0,0,0,0,0,0,0,0,0,0,0,0,0,0,0,0,0,0,0,0,0,0,0,0,0,0,0,0,0,0,0,0,0,0,0,0,0,0,0,0,0,0,0,0,0,0,0,0,0,0,0,0,0,0,0,0,0,0,0,0,0,0,0,0,17.8,45.7,53.3,66,66,68.6,76.2,78.7,83.8,88.9,91.4,91.4,91.4,96.5,96.5,96.5,96.5,101.6,101.6,101.6,104.1,104.1,106.7,106.7,106.7,106.7,109.2,109.2,109.2,109.2,111.8,111.8,111.8,111.8,111.8,111.8,114.3,116.8,116.8,116.8,116.8,119.4,119.4,119.4,119.4,119.4,119.4,121.9,121.9,124.5,124.5,127,127,127,127,127,129.5,129.5,129.5,129.5,132.1,132.1,132.1,132.1,132.1,134.6,134.6,134.6,137.2,137.2,137.2,137.2,139.7,139.7,139.7,139.7,142.2,142.2,142.2,144.8,147.3,0,0,0,0,0,0,0,0,0,0,0,0,0,0,0,0,0,0,0,0,0,0,0,0,0,0,0,0,0,0,0,0,0,0,0,0,0,0,0,0,0,0,0,0,0,0,0,0,0,0,0,0,0,0,0,0,0,0,0,0,0,0,0,0,0,0,0,0,0,0,0,0,0,0,0,0,0,0,na,1.63,2.2,0.69,2.16,1.33,1.82,0.97,1.31,2.2,1.46,1.79,1.98,1.14,1.63,1.68,2.07,1.3,1.54,1.69,2.23,2.27,1.47,1.55,1.86,2.45,1.6,1.85,2.01,2.53,1.69,1.86,1.91,2.1,2.12,2.22,2.1,2.06,2.79,2.88,3.01,1.97,2.03,2.23,2.24,2.79,2.84,2.59,2.72,2.3,3.29,2.39,2.4,2.46,2.52,2.85,2.65,2.73,3.1,3.14,1.98,2.34,2.36,2.89,3.61,2.39,2.67,3.1,2.64,2.91,3.36,3.58,2.67,3.13,3.13,3.48,2.3,3.21,3.68,3.46,3.73,0,0,0,0,0,0,0,0,0,0,0,0,0,0,0,0,0,0,0,0,0,0,0,0,0,0,0,0,0,0,0,0,0,0,0,0,0,0,0,0,0,0,0,0,0,0,0,0,0,0,0,0,0,0,0,0,0,0,0,0,0,0,0,0,0,0,0,0,0,0,0,0,0,0,0,0,0,0
103E,1,3,Early,na,49,59,49,49,49,51,51,53,51,49,53,49,51,51,39,49,49,55,49,55,59,59,55,55,55,47,49,57,57,55,59,57,55,57,53,55,55,59,53,57,57,55,57,55,57,57,55,55,55,55,57,43,59,59,59,59,55,57,59,53,45,57,55,57,57,59,57,51,55,57,57,55,59,59,0,0,0,0,0,0,0,0,0,0,0,0,0,0,0,0,0,0,0,0,0,0,0,0,0,0,0,0,0,0,0,0,0,0,0,0,0,0,0,0,0,0,0,0,0,0,0,0,0,0,0,0,0,0,0,0,0,0,0,0,0,0,0,0,0,0,0,0,0,0,0,0,0,0,0,0,0,0,0,0,0,0,0,0,27.9,33,34.3,35.6,35.6,38.1,38.1,43.2,45.7,45.7,52.1,53.3,55.9,58.4,58.4,58.4,61,63.5,63.5,66,68.6,69.9,69.9,71.1,73.7,73.7,73.7,73.7,73.7,74.9,77.5,78.7,78.7,78.7,78.7,80,80,81.3,81.3,81.3,81.3,83.8,83.8,83.8,85.1,86.4,86.4,86.4,86.4,86.4,87.6,88.9,88.9,88.9,88.9,88.9,90.2,91.4,91.4,91.4,91.4,91.4,92.7,94,94,94,94,95.3,96.5,96.5,96.5,97.8,99.1,101.6,102.9,0,0,0,0,0,0,0,0,0,0,0,0,0,0,0,0,0,0,0,0,0,0,0,0,0,0,0,0,0,0,0,0,0,0,0,0,0,0,0,0,0,0,0,0,0,0,0,0,0,0,0,0,0,0,0,0,0,0,0,0,0,0,0,0,0,0,0,0,0,0,0,0,0,0,0,0,0,0,0,0,0,0,0,0,0.7,0.7,0.6,0.6,0.9,0.5,1,1.1,1.2,1.3,2.1,1.7,1.8,1.9,2.6,3,2.5,2.3,2.4,3.1,2.2,1.9,2.2,2.6,2.3,2.7,2.8,3.1,3.9,2.1,3.7,2.5,2.6,2.7,3.2,2.8,4.6,2.3,2.8,3.4,3.6,3,3.1,3.2,3.1,2.9,3.3,3.5,3.8,4.3,2.9,2.8,3.1,3.3,3.5,3.5,3.1,2.7,3.2,3.2,3.5,4.2,4,2.8,3,3.2,4,4.2,0.8,2.6,3.5,3.7,3.7,2.9,3.8,0,0,0,0,0,0,0,0,0,0,0,0,0,0,0,0,0,0,0,0,0,0,0,0,0,0,0,0,0,0,0,0,0,0,0,0,0,0,0,0,0,0,0,0,0,0,0,0,0,0,0,0,0,0,0,0,0,0,0,0,0,0,0,0,0,0,0,0,0,0,0,0,0,0,0,0,0,0,0,0,0,0,0,0
103L,1,3,Late,49,59,69,69,69,61,65,61,69,69,69,69,69,65,69,69,69,69,69,69,69,69,69,69,69,69,61,65,67,69,67,69,69,69,69,69,69,67,69,67,67,69,69,69,69,69,69,69,69,69,69,69,69,69,69,69,69,69,69,69,69,69,69,69,69,67,69,67,69,69,69,69,67,69,69,69,67,69,69,69,67,67,69,69,69,69,69,69,69,69,69,69,69,69,69,69,69,0,0,0,0,0,0,0,0,0,0,0,0,0,0,0,0,0,0,0,0,0,0,0,0,0,0,0,0,0,0,0,0,0,0,0,0,0,0,0,0,0,0,0,0,0,0,0,0,0,0,0,0,0,0,0,0,0,0,0,0,0,0,25.4,53.3,63.5,73.7,86.4,86.4,86.4,88.9,99.1,106.7,106.7,109.2,109.2,111.8,114.3,116.8,116.8,119.4,119.4,119.4,119.4,121.9,124.5,124.5,124.5,124.5,124.5,127,127,129.5,129.5,129.5,129.5,129.5,129.5,129.5,129.5,132.1,132.1,132.1,132.1,132.1,132.1,134.6,134.6,134.6,134.6,134.6,137.2,137.2,137.2,139.7,139.7,139.7,139.7,139.7,139.7,139.7,142.2,142.2,142.2,142.2,144.8,144.8,144.8,144.8,147.3,147.3,147.3,147.3,147.3,147.3,147.3,147.3,147.3,149.9,149.9,149.9,149.9,149.9,149.9,152.4,152.4,152.4,154.9,154.9,154.9,157.5,157.5,160,160,160,162.6,162.6,165.1,172.7,172.7,0,0,0,0,0,0,0,0,0,0,0,0,0,0,0,0,0,0,0,0,0,0,0,0,0,0,0,0,0,0,0,0,0,0,0,0,0,0,0,0,0,0,0,0,0,0,0,0,0,0,0,0,0,0,0,0,0,0,0,0,0,0,0.2,0.43,0.62,0.43,0.72,0.95,1.09,1.02,1.83,0.81,1.59,1.37,1.55,2.1,1.62,1.07,1.75,1.13,1.68,1.69,1.84,1.4,1.19,1.52,1.72,1.73,2.14,1.16,1.69,1.46,1.93,1.96,2,2.21,2.29,2.39,2.81,1.95,2.01,2.18,2.24,2.35,2.6,1.89,2.35,2.49,2.8,2.87,1.89,2.22,2.33,1.57,2.21,2.29,2.36,2.39,2.53,2.67,2.23,2.31,2.41,2.51,2.33,2.34,2.64,3.21,2.18,2.19,2.41,2.52,2.55,2.65,2.79,2.79,3.04,2.17,2.54,2.54,2.89,3.11,3.33,2.54,2.9,2.93,2.89,3.15,3.22,2.82,3.21,3.06,3.24,3.3,3.13,3.24,3.07,3.6,4.28,0,0,0,0,0,0,0,0,0,0,0,0,0,0,0,0,0,0,0,0,0,0,0,0,0,0,0,0,0,0,0,0,0,0,0,0,0,0,0,0,0,0,0,0,0,0,0,0,0,0,0,0,0,0,0,0,0,0,0,0,0,0
201E,2,0,Early,39,39,41,43,na,53,na,45,43,47,na,43,41,53,45,45,43,45,43,49,45,41,47,49,43,49,39,59,43,47,47,45,43,39,49,43,41,47,49,49,47,43,41,49,49,49,45,41,49,45,43,45,45,39,49,47,41,41,41,53,47,49,49,39,55,49,55,49,45,49,49,47,55,49,49,49,49,57,43,51,57,55,57,53,53,0,0,0,0,0,0,0,0,0,0,0,0,0,0,0,0,0,0,0,0,0,0,0,0,0,0,0,0,0,0,0,0,0,0,0,0,0,0,0,0,0,0,0,0,0,0,0,0,0,0,0,0,0,0,0,0,0,0,0,0,0,0,0,0,0,0,0,0,0,0,0,0,0,0,12.7,12.7,15.2,15.2,16.5,17.8,17.8,17.8,20.3,20.3,20.3,22.9,22.9,22.9,22.9,24.1,24.1,25.4,25.4,25.4,25.4,25.4,27.9,27.9,27.9,27.9,27.9,30.5,30.5,30.5,30.5,30.5,30.5,30.5,33,33,33,33,33,33,33,33,33,34.3,35.6,35.6,35.6,35.6,35.6,35.6,35.6,35.6,36.8,36.8,38.1,38.1,38.1,38.1,38.1,40.6,40.6,40.6,40.6,40.6,41.9,41.9,43.2,43.2,43.2,44.5,45.7,45.7,48.3,48.3,49.5,50.8,50.8,52.1,52.1,55.9,61,61,62.2,63.5,73.7,0,0,0,0,0,0,0,0,0,0,0,0,0,0,0,0,0,0,0,0,0,0,0,0,0,0,0,0,0,0,0,0,0,0,0,0,0,0,0,0,0,0,0,0,0,0,0,0,0,0,0,0,0,0,0,0,0,0,0,0,0,0,0,0,0,0,0,0,0,0,0,0,0,0,na,na,na,na,0.3,1.8,na,na,1.1,1.2,na,1.2,1.3,1.3,1.7,1.4,1.7,1.3,1.4,1.7,2.1,3,1.4,1.5,1.7,1.7,2.1,1.5,1.7,1.8,1.9,2.1,2.1,2.4,1,1.1,1.5,1.7,1.7,1.9,2,2.1,2.4,1.6,1.8,1.8,1.9,1.9,2,2,2.1,2.3,1.9,2.5,1.7,1.7,1.7,1.7,1.9,1.8,1.8,1.9,2,2.6,1.4,1.6,2,2.3,2.4,2.4,2.5,2.9,1.4,2.3,1.8,2,3.1,3.3,3.4,2.4,3,3.1,3,2.8,3.8,0,0,0,0,0,0,0,0,0,0,0,0,0,0,0,0,0,0,0,0,0,0,0,0,0,0,0,0,0,0,0,0,0,0,0,0,0,0,0,0,0,0,0,0,0,0,0,0,0,0,0,0,0,0,0,0,0,0,0,0,0,0,0,0,0,0,0,0,0,0,0,0,0,0
201L,2,0,Late,25,43,25,61,61,61,69,63,63,67,65,61,61,59,61,61,61,61,63,61,65,63,65,65,63,63,65,69,63,61,63,61,65,63,65,65,65,65,65,63,65,67,59,69,61,65,63,67,67,67,63,69,69,67,65,69,67,69,67,69,69,67,61,69,67,65,63,67,67,59,67,61,67,67,67,65,67,65,65,69,69,67,67,65,67,67,63,69,65,67,65,69,67,67,69,0,0,0,0,0,0,0,0,0,0,0,0,0,0,0,0,0,0,0,0,0,0,0,0,0,0,0,0,0,0,0,0,0,0,0,0,0,0,0,0,0,0,0,0,0,0,0,0,0,0,0,0,0,0,0,0,0,0,0,0,0,0,0,0,17.8,20.3,22.9,40.6,45.7,50.8,58.4,58.4,58.4,58.4,61,61,61,63.5,66,66,68.6,68.6,68.6,71.1,71.1,71.1,73.7,73.7,73.7,73.7,76.2,76.2,76.2,78.7,78.7,78.7,81.3,81.3,81.3,81.3,83.8,86.4,86.4,86.4,86.4,88.9,88.9,88.9,91.4,91.4,91.4,91.4,94,94,96.5,96.5,96.5,99.1,99.1,101.6,101.6,101.6,104.1,104.1,104.1,104.1,104.1,106.7,106.7,109.2,109.2,109.2,109.2,109.2,111.8,111.8,114.3,114.3,114.3,116.8,116.8,116.8,119.4,121.9,121.9,121.9,121.9,121.9,121.9,124.5,124.5,127,127,127,129.5,134.6,134.6,144.8,144.8,0,0,0,0,0,0,0,0,0,0,0,0,0,0,0,0,0,0,0,0,0,0,0,0,0,0,0,0,0,0,0,0,0,0,0,0,0,0,0,0,0,0,0,0,0,0,0,0,0,0,0,0,0,0,0,0,0,0,0,0,0,0,0,0,na,0.64,na,0.73,0.84,0.53,0.59,0.74,0.98,1,0.6,0.85,0.94,1.18,0.69,0.96,0.81,1.14,1.24,1.05,1.05,1.37,0.73,1.19,1.27,1.35,0.99,1.12,1.16,1.06,1.24,1.33,0.66,1.02,1.09,1.97,1.28,0.85,1.14,1.23,1.34,1.26,1.4,1.77,1.17,1.23,1.58,1.69,1.22,1.57,1.5,1.68,1.82,1.63,1.65,1.61,1.63,1.99,1.48,1.58,1.61,1.97,2.03,1.84,2.07,1.61,1.72,1.82,1.98,2.45,2.39,2.5,1.89,2.16,2.38,2.26,2.58,2.65,2.86,0.72,2.27,2.48,2.52,2.71,2.93,2.71,3.1,2.58,2.59,2.9,3.07,2.68,3.16,3.39,3.68,0,0,0,0,0,0,0,0,0,0,0,0,0,0,0,0,0,0,0,0,0,0,0,0,0,0,0,0,0,0,0,0,0,0,0,0,0,0,0,0,0,0,0,0,0,0,0,0,0,0,0,0,0,0,0,0,0,0,0,0,0,0,0,0
202E,2,1.5,Early,47,49,47,57,49,51,55,55,49,49,53,55,59,49,53,57,49,55,55,53,55,49,55,51,55,53,53,55,59,57,49,55,51,51,55,57,55,53,57,53,55,55,59,59,55,55,53,59,47,55,59,57,55,53,59,57,53,55,55,57,53,55,57,55,59,0,0,0,0,0,0,0,0,0,0,0,0,0,0,0,0,0,0,0,0,0,0,0,0,0,0,0,0,0,0,0,0,0,0,0,0,0,0,0,0,0,0,0,0,0,0,0,0,0,0,0,0,0,0,0,0,0,0,0,0,0,0,0,0,0,0,0,0,0,0,0,0,0,0,0,0,0,0,0,0,0,0,0,0,0,0,0,0,0,0,0,0,0,0,25.4,30.5,40.6,40.6,48.3,48.3,48.3,53.3,53.3,55.9,55.9,57.2,57.2,57.2,58.4,58.4,58.4,58.4,61,61,63.5,63.5,63.5,64.8,66,66,66,66,67.3,67.3,68.6,68.6,68.6,69.9,71.1,71.1,71.1,71.1,73.7,73.7,73.7,74.9,76.2,76.2,76.2,76.2,76.2,76.2,78.7,78.7,80,80,81.3,81.3,83.8,83.8,83.8,83.8,85.1,87.6,88.9,88.9,92.7,94,104.1,0,0,0,0,0,0,0,0,0,0,0,0,0,0,0,0,0,0,0,0,0,0,0,0,0,0,0,0,0,0,0,0,0,0,0,0,0,0,0,0,0,0,0,0,0,0,0,0,0,0,0,0,0,0,0,0,0,0,0,0,0,0,0,0,0,0,0,0,0,0,0,0,0,0,0,0,0,0,0,0,0,0,0,0,0,0,0,0,0,0,0,0,0,0,0.7,1.1,1.5,1.8,1.4,1.5,2.4,2.3,2.3,1.5,2.1,2,3,3.1,1.9,2,2.2,2.7,3,3.1,2.6,3.1,3.1,2.1,2.4,2.5,2.5,3,2.1,3,2.7,3.2,3.6,3,2.7,3,3.1,3.4,3,3.1,3.8,3.3,2.4,2.5,2.8,3.4,3.6,3.7,2.7,4.2,3,3.8,2.7,3.9,3.2,3.3,3.7,3.9,3,3.6,3.4,4.3,3.7,3.3,4,0,0,0,0,0,0,0,0,0,0,0,0,0,0,0,0,0,0,0,0,0,0,0,0,0,0,0,0,0,0,0,0,0,0,0,0,0,0,0,0,0,0,0,0,0,0,0,0,0,0,0,0,0,0,0,0,0,0,0,0,0,0,0,0,0,0,0,0,0,0,0,0,0,0,0,0,0,0,0,0,0,0,0,0,0,0,0,0,0,0,0,0,0,0
202L,2,1.5,Late,25,63,61,61,65,61,61,67,65,61,63,65,63,65,69,69,65,63,69,65,69,65,69,65,67,67,67,69,63,69,61,63,69,67,65,67,69,69,69,69,69,69,65,67,69,61,65,69,69,69,69,69,69,67,69,67,67,69,65,69,67,69,67,67,69,67,69,67,67,69,69,69,61,69,67,67,69,69,67,69,69,69,67,67,69,67,69,69,69,69,69,67,69,69,69,69,71,0,0,0,0,0,0,0,0,0,0,0,0,0,0,0,0,0,0,0,0,0,0,0,0,0,0,0,0,0,0,0,0,0,0,0,0,0,0,0,0,0,0,0,0,0,0,0,0,0,0,0,0,0,0,0,0,0,0,0,0,0,0,20.3,25.4,53.3,55.9,61,61,66,68.6,68.6,68.6,71.1,71.1,73.7,81.3,81.3,81.3,83.8,83.8,83.8,83.8,86.4,86.4,86.4,88.9,91.4,96.5,96.5,99.1,99.1,99.1,101.6,104.1,106.7,106.7,106.7,106.7,109.2,109.2,109.2,109.2,109.2,109.2,111.8,111.8,111.8,111.8,114.3,116.8,116.8,116.8,116.8,119.4,119.4,119.4,119.4,119.4,119.4,121.9,121.9,121.9,121.9,121.9,121.9,124.5,124.5,124.5,124.5,124.5,124.5,127,127,127,127,127,129.5,129.5,132.1,132.1,132.1,132.1,132.1,132.1,132.1,134.6,137.2,139.7,139.7,139.7,142.2,144.8,144.8,147.3,157.5,157.5,160,162.6,170.2,0,0,0,0,0,0,0,0,0,0,0,0,0,0,0,0,0,0,0,0,0,0,0,0,0,0,0,0,0,0,0,0,0,0,0,0,0,0,0,0,0,0,0,0,0,0,0,0,0,0,0,0,0,0,0,0,0,0,0,0,0,0,0.56,0.47,0.63,0.71,0.53,0.94,0.76,0.68,0.83,1.18,0.97,1.18,0.81,1.02,1.29,1.75,0.71,0.78,1.2,1.2,0.94,1.15,1.3,1.51,1.22,1.62,1.66,1.28,1.4,1.82,2,1.44,1.48,1.56,1.58,1.99,1.52,1.68,1.69,1.75,1.82,2.21,1.39,2.12,2.14,2.58,1.92,1.64,1.8,1.92,2.06,1.79,2.02,2.09,2.14,2.19,2.37,1.77,1.89,2.13,2.15,2.2,2.24,1.54,1.86,1.89,1.96,2.22,2.37,2.15,2.19,2.26,2.48,2.59,2.44,2.73,2.06,2.37,2.45,2.5,2.63,2.71,2.88,2.38,2.53,2.38,2.48,2.8,2.43,2.32,3.22,3.81,2.71,3.57,3.73,4.69,4.32,0,0,0,0,0,0,0,0,0,0,0,0,0,0,0,0,0,0,0,0,0,0,0,0,0,0,0,0,0,0,0,0,0,0,0,0,0,0,0,0,0,0,0,0,0,0,0,0,0,0,0,0,0,0,0,0,0,0,0,0,0,0
203E,2,3,Early,na,53,47,45,47,47,47,45,49,47,47,49,49,49,47,51,47,49,49,47,41,49,43,49,43,49,49,49,55,47,49,51,51,55,47,51,51,55,49,49,47,49,51,49,47,57,47,47,53,49,55,49,55,51,51,57,47,49,49,55,55,49,55,55,55,53,55,0,0,0,0,0,0,0,0,0,0,0,0,0,0,0,0,0,0,0,0,0,0,0,0,0,0,0,0,0,0,0,0,0,0,0,0,0,0,0,0,0,0,0,0,0,0,0,0,0,0,0,0,0,0,0,0,0,0,0,0,0,0,0,0,0,0,0,0,0,0,0,0,0,0,0,0,0,0,0,0,0,0,0,0,0,0,0,0,0,0,0,0,12.7,17.8,22.9,27.9,27.9,30.5,30.5,31.8,33,34.3,34.3,35.6,35.6,35.6,35.6,35.6,36.8,38.1,38.1,38.1,38.1,39.4,40.6,41.9,41.9,41.9,43.2,43.2,44.5,44.5,45.7,45.7,45.7,48.3,48.3,50.8,50.8,50.8,52.1,52.1,52.1,53.3,53.3,53.3,54.6,55.9,58.4,58.4,58.4,58.4,58.4,58.4,59.7,61,61,62.2,63.5,66,66,68.6,68.6,71.1,71.1,73.7,73.7,73.7,73.7,0,0,0,0,0,0,0,0,0,0,0,0,0,0,0,0,0,0,0,0,0,0,0,0,0,0,0,0,0,0,0,0,0,0,0,0,0,0,0,0,0,0,0,0,0,0,0,0,0,0,0,0,0,0,0,0,0,0,0,0,0,0,0,0,0,0,0,0,0,0,0,0,0,0,0,0,0,0,0,0,0,0,0,0,0,0,0,0,0,0,0,0,na,0.9,0.8,0.9,1.1,1.1,1.2,1.3,2.3,1.8,1.9,0.9,1.1,1.3,1.4,1.9,1.8,1.7,1.7,1.7,2.4,1.2,2.3,1.6,1.7,1.9,1.8,2.1,2,2.5,2,2.2,2.6,1.3,1.9,1.6,1.8,1.9,1.5,2.4,2.7,1.8,1.9,2.9,2.6,1.7,2.3,2.4,2.5,2.6,3,3.1,2.7,2.4,2.6,2,3.2,3.5,3.7,3.1,3.2,3.2,3.3,3,3,3.4,3.9,0,0,0,0,0,0,0,0,0,0,0,0,0,0,0,0,0,0,0,0,0,0,0,0,0,0,0,0,0,0,0,0,0,0,0,0,0,0,0,0,0,0,0,0,0,0,0,0,0,0,0,0,0,0,0,0,0,0,0,0,0,0,0,0,0,0,0,0,0,0,0,0,0,0,0,0,0,0,0,0,0,0,0,0,0,0,0,0,0,0,0,0
203L,2,3,Late,25,59,25,25,61,61,59,61,67,61,63,69,67,61,65,69,69,67,69,65,67,69,69,67,67,67,69,67,69,65,69,67,67,63,69,69,65,67,69,69,69,65,67,65,69,67,69,69,67,69,67,69,69,69,69,69,67,69,69,69,67,67,69,63,69,69,69,69,69,69,69,67,69,69,67,69,69,67,69,69,69,69,69,69,67,69,69,67,67,69,69,69,69,69,67,67,69,67,69,0,0,0,0,0,0,0,0,0,0,0,0,0,0,0,0,0,0,0,0,0,0,0,0,0,0,0,0,0,0,0,0,0,0,0,0,0,0,0,0,0,0,0,0,0,0,0,0,0,0,0,0,0,0,0,0,0,0,0,0,22.9,22.9,25.4,30.5,50.8,53.3,55.9,58.4,73.7,78.7,81.3,86.4,86.4,91.4,94,94,96.5,96.5,99.1,104.1,106.7,106.7,106.7,106.7,109.2,109.2,111.8,111.8,111.8,114.3,114.3,114.3,116.8,116.8,116.8,116.8,119.4,119.4,119.4,119.4,119.4,121.9,121.9,121.9,121.9,121.9,121.9,124.5,124.5,124.5,124.5,129.5,129.5,129.5,132.1,132.1,132.1,132.1,134.6,134.6,134.6,137.2,137.2,139.7,139.7,139.7,142.2,142.2,142.2,142.2,142.2,144.8,144.8,144.8,144.8,144.8,144.8,144.8,147.3,147.3,147.3,147.3,149.9,152.4,152.4,152.4,152.4,154.9,154.9,154.9,154.9,157.5,157.5,160,162.6,165.1,165.1,165.1,170.2,0,0,0,0,0,0,0,0,0,0,0,0,0,0,0,0,0,0,0,0,0,0,0,0,0,0,0,0,0,0,0,0,0,0,0,0,0,0,0,0,0,0,0,0,0,0,0,0,0,0,0,0,0,0,0,0,0,0,0,0,0.23,0.31,0.22,0.6,0.7,3.63,1.75,0.54,0.76,0.83,1.57,0.97,1.38,1.1,1.44,1.73,0.98,1.14,1.68,1.21,1.16,1.35,1.71,1.78,1.84,2.52,1.41,1.66,2.01,1.5,1.56,1.99,1.59,1.74,2.09,2.14,1.77,1.96,2.05,2.12,2.14,1.85,1.94,2.13,2.22,2.28,2.78,1.5,1.93,2.03,2.32,2.03,2.37,2.49,2.31,2.45,3.1,3.21,2.05,2.73,3.08,2.58,2.83,2.6,3.05,3.36,2.33,2.44,2.46,3.01,3.05,2.77,2.88,2.97,3.04,3.1,3.51,3.8,2.62,2.8,3.15,3.53,3.47,2.52,2.66,2.68,3.38,0.94,3.42,3.51,3.63,3.18,3.9,3.11,3.31,3.5,3.7,3.79,4.58,0,0,0,0,0,0,0,0,0,0,0,0,0,0,0,0,0,0,0,0,0,0,0,0,0,0,0,0,0,0,0,0,0,0,0,0,0,0,0,0,0,0,0,0,0,0,0,0,0,0,0,0,0,0,0,0,0,0,0,0
301E,3,3,Early,na,na,30,na,43,41,47,47,43,55,49,59,51,57,51,49,49,59,45,49,57,49,55,53,55,41,57,49,53,59,57,57,55,55,49,49,55,57,53,59,55,59,57,53,57,49,57,59,55,57,55,57,57,51,59,57,59,59,55,57,59,55,59,59,59,55,59,59,57,0,0,0,0,0,0,0,0,0,0,0,0,0,0,0,0,0,0,0,0,0,0,0,0,0,0,0,0,0,0,0,0,0,0,0,0,0,0,0,0,0,0,0,0,0,0,0,0,0,0,0,0,0,0,0,0,0,0,0,0,0,0,0,0,0,0,0,0,0,0,0,0,0,0,0,0,0,0,0,0,0,0,0,0,0,0,0,0,0,0,15.2,17.8,20.3,20.3,30.5,38.1,38.1,41.9,45.7,54.6,55.9,55.9,58.4,58.4,58.4,61,61,63.5,63.5,63.5,66,66,66,67.3,68.6,69.9,71.1,71.1,71.1,72.4,72.4,73.7,73.7,73.7,73.7,73.7,74.9,76.2,76.2,77.5,77.5,78.7,78.7,78.7,78.7,80,80,81.3,81.3,81.3,81.3,81.3,82.6,82.6,83.8,83.8,85.1,86.4,86.4,88.9,91.4,94,95.3,97.8,99.1,99.1,100.3,101.6,106.7,0,0,0,0,0,0,0,0,0,0,0,0,0,0,0,0,0,0,0,0,0,0,0,0,0,0,0,0,0,0,0,0,0,0,0,0,0,0,0,0,0,0,0,0,0,0,0,0,0,0,0,0,0,0,0,0,0,0,0,0,0,0,0,0,0,0,0,0,0,0,0,0,0,0,0,0,0,0,0,0,0,0,0,0,0,0,0,0,0,0,na,na,1.2,na,1.1,2,2.3,1.4,2,3.1,2.4,3.8,2.3,2.6,3.1,2.5,3,2.6,3.2,3.3,2.1,2.6,3.6,2.2,4.2,2.5,2.8,2.8,2.9,2,2.6,2.2,2.2,3.1,3.5,4.6,3.5,2.6,3.8,3,3.2,2.4,2.9,3.2,4.2,3.6,4.4,2.6,3,3.1,3.2,3.3,3,4.5,3.2,3.7,4.2,3.3,3.8,3.3,4.2,2.9,3.6,3.2,4,4.7,3.9,4.9,3.7,0,0,0,0,0,0,0,0,0,0,0,0,0,0,0,0,0,0,0,0,0,0,0,0,0,0,0,0,0,0,0,0,0,0,0,0,0,0,0,0,0,0,0,0,0,0,0,0,0,0,0,0,0,0,0,0,0,0,0,0,0,0,0,0,0,0,0,0,0,0,0,0,0,0,0,0,0,0,0,0,0,0,0,0,0,0,0,0,0,0
301L,3,3,Late,61,59,61,63,61,67,69,63,67,63,63,67,67,63,67,69,69,63,69,69,67,61,67,67,61,67,69,67,67,59,67,61,65,67,65,67,65,69,67,69,63,69,67,67,67,67,69,65,69,69,65,69,67,67,69,69,67,67,67,63,67,67,69,69,67,63,69,69,69,67,67,67,67,67,67,69,69,69,69,67,0,0,0,0,0,0,0,0,0,0,0,0,0,0,0,0,0,0,0,0,0,0,0,0,0,0,0,0,0,0,0,0,0,0,0,0,0,0,0,0,0,0,0,0,0,0,0,0,0,0,0,0,0,0,0,0,0,0,0,0,0,0,0,0,0,0,0,0,0,0,0,0,0,0,0,0,0,0,0,45.7,50.8,58.4,61,61,66,66,68.6,71.1,73.7,73.7,73.7,73.7,76.2,76.2,76.2,76.2,78.7,78.7,78.7,81.3,83.8,83.8,83.8,83.8,86.4,86.4,86.4,86.4,86.4,88.9,91.4,91.4,94,94,94,96.5,99.1,99.1,99.1,101.6,101.6,101.6,101.6,104.1,104.1,104.1,104.1,104.1,106.7,106.7,106.7,106.7,109.2,109.2,111.8,114.3,114.3,114.3,116.8,116.8,116.8,119.4,119.4,119.4,119.4,121.9,124.5,124.5,124.5,124.5,129.5,129.5,132.1,134.6,134.6,142.2,142.2,152.4,162.6,0,0,0,0,0,0,0,0,0,0,0,0,0,0,0,0,0,0,0,0,0,0,0,0,0,0,0,0,0,0,0,0,0,0,0,0,0,0,0,0,0,0,0,0,0,0,0,0,0,0,0,0,0,0,0,0,0,0,0,0,0,0,0,0,0,0,0,0,0,0,0,0,0,0,0,0,0,0,0,0.89,0.53,1.07,0.92,1.06,0.99,2.32,1.18,1.08,1.06,1.21,1.3,1.33,0.95,1.23,1.24,1.42,1.3,1.35,1.52,1.17,0.91,1.11,1.13,1.85,1.1,1.27,1.59,1.92,2.01,1.27,1.35,1.89,1.3,1.41,1.59,1.58,1.54,1.92,2.06,0.88,0.98,1.52,2.18,1.47,1.65,1.8,1.82,1.99,1.49,2.31,2.31,2.51,1.56,2.05,2.02,1.91,2.26,3.06,1.67,1.7,2.08,1.85,1.96,2.16,2.17,2.23,2.02,2.16,2.23,2.6,2.27,2.35,2.52,2.84,2.99,3.62,3.77,3.18,3.64,0,0,0,0,0,0,0,0,0,0,0,0,0,0,0,0,0,0,0,0,0,0,0,0,0,0,0,0,0,0,0,0,0,0,0,0,0,0,0,0,0,0,0,0,0,0,0,0,0,0,0,0,0,0,0,0,0,0,0,0,0,0,0,0,0,0,0,0,0,0,0,0,0,0,0,0,0,0,0
302E,3,1.5,Early,49,43,53,49,49,49,49,49,41,51,45,49,59,55,49,49,49,43,59,59,51,53,55,49,49,45,55,49,45,47,55,49,53,53,51,59,55,57,59,57,59,55,59,59,55,51,55,59,59,55,55,57,55,51,55,57,55,57,59,59,53,59,59,59,49,59,51,53,57,59,55,57,53,53,53,59,59,59,55,57,59,59,57,59,57,59,59,59,0,0,0,0,0,0,0,0,0,0,0,0,0,0,0,0,0,0,0,0,0,0,0,0,0,0,0,0,0,0,0,0,0,0,0,0,0,0,0,0,0,0,0,0,0,0,0,0,0,0,0,0,0,0,0,0,0,0,0,0,0,0,0,0,0,0,0,0,0,0,0,25.4,25.4,25.4,30.5,33,33,35.6,35.6,36.8,38.1,38.1,39.4,40.6,41.9,43.2,43.2,44.5,44.5,45.7,45.7,48.3,48.3,48.3,48.3,48.3,49.5,52.1,53.3,53.3,53.3,54.6,54.6,55.9,55.9,58.4,59.7,59.7,61,61,62.2,62.2,63.5,63.5,63.5,63.5,63.5,66,66,66,66,66,66,66,67.3,68.6,71.1,71.1,71.1,71.1,72.4,73.7,73.7,73.7,73.7,73.7,73.7,74.9,76.2,77.5,78.7,78.7,78.7,78.7,78.7,81.3,83.8,86.4,88.9,88.9,91.4,91.4,95.3,95.3,99.1,99.1,99.1,102.9,104.1,0,0,0,0,0,0,0,0,0,0,0,0,0,0,0,0,0,0,0,0,0,0,0,0,0,0,0,0,0,0,0,0,0,0,0,0,0,0,0,0,0,0,0,0,0,0,0,0,0,0,0,0,0,0,0,0,0,0,0,0,0,0,0,0,0,0,0,0,0,0,0,0.7,1.1,1.1,1.4,0.9,1.5,1.3,1.9,1.3,1.1,1.8,1.1,1.5,1.3,1.4,1.7,1.3,2.4,1.6,1.7,1.2,1.3,1.3,1.4,1.5,1.1,1.6,1.8,2.6,2.7,1.1,1.4,1.1,1.2,2.1,1.5,2.1,2,2.1,1.5,1.9,1.5,2.1,2.6,2.7,3.2,1.6,1.9,2,2.2,2.5,2.7,3,2.7,3.2,2.2,2.3,2.4,2.7,2.4,2.3,2.4,2.4,2.6,3.4,3.5,2.3,3.7,3.3,1.7,1.8,2.6,2.7,3.2,3.6,2.1,3.5,2.5,2.6,3,3.2,3,3.5,2.7,3.3,3.4,2.7,3.3,0,0,0,0,0,0,0,0,0,0,0,0,0,0,0,0,0,0,0,0,0,0,0,0,0,0,0,0,0,0,0,0,0,0,0,0,0,0,0,0,0,0,0,0,0,0,0,0,0,0,0,0,0,0,0,0,0,0,0,0,0,0,0,0,0,0,0,0,0,0,0
302L,3,1.5,Late,65,63,61,61,61,61,67,61,65,67,61,69,65,63,67,61,63,63,67,67,69,69,63,65,67,61,69,69,69,69,67,61,69,67,61,67,65,69,67,69,69,69,69,67,69,67,61,67,67,65,67,67,67,67,69,69,67,65,67,69,67,69,67,65,69,69,0,0,0,0,0,0,0,0,0,0,0,0,0,0,0,0,0,0,0,0,0,0,0,0,0,0,0,0,0,0,0,0,0,0,0,0,0,0,0,0,0,0,0,0,0,0,0,0,0,0,0,0,0,0,0,0,0,0,0,0,0,0,0,0,0,0,0,0,0,0,0,0,0,0,0,0,0,0,0,0,0,0,0,0,0,0,0,0,0,0,0,0,0,43.2,61,66,66,68.6,68.6,71.1,73.7,78.7,81.3,81.3,83.8,83.8,83.8,86.4,91.4,91.4,91.4,94,94,94,94,96.5,96.5,101.6,104.1,104.1,106.7,106.7,106.7,109.2,109.2,111.8,114.3,114.3,114.3,114.3,116.8,116.8,116.8,116.8,116.8,119.4,119.4,119.4,119.4,121.9,121.9,121.9,124.5,127,127,127,129.5,132.1,132.1,132.1,134.6,139.7,144.8,144.8,144.8,144.8,149.9,154.9,154.9,0,0,0,0,0,0,0,0,0,0,0,0,0,0,0,0,0,0,0,0,0,0,0,0,0,0,0,0,0,0,0,0,0,0,0,0,0,0,0,0,0,0,0,0,0,0,0,0,0,0,0,0,0,0,0,0,0,0,0,0,0,0,0,0,0,0,0,0,0,0,0,0,0,0,0,0,0,0,0,0,0,0,0,0,0,0,0,0,0,0,0,0,0,0.56,0.6,0.47,1.04,0.89,2.12,0.97,0.92,1.32,0.7,0.77,1.05,1.43,1.67,1.86,1.11,1.49,1.58,0.75,1.17,1.76,2.14,1.4,1.61,1.64,1.42,1.81,1.58,1.91,2.23,1.66,2.1,2,1.74,1.74,2.54,2.74,1.11,1.15,1.87,2.21,2.5,1.76,1.88,2.1,2.15,2.33,2.42,2.79,1.89,2.03,2.25,2.53,2.2,1.83,2.44,2.69,2.84,2.96,2.42,2.43,3.63,3.66,4.05,3.27,3.37,0,0,0,0,0,0,0,0,0,0,0,0,0,0,0,0,0,0,0,0,0,0,0,0,0,0,0,0,0,0,0,0,0,0,0,0,0,0,0,0,0,0,0,0,0,0,0,0,0,0,0,0,0,0,0,0,0,0,0,0,0,0,0,0,0,0,0,0,0,0,0,0,0,0,0,0,0,0,0,0,0,0,0,0,0,0,0,0,0,0,0,0,0
303E,3,0,Early,41,47,41,41,43,43,43,43,51,41,49,47,41,41,43,45,45,49,43,41,41,49,51,47,43,45,49,47,45,49,49,43,49,49,43,49,39,47,49,43,47,49,47,47,55,49,45,51,43,47,49,47,51,47,45,49,49,49,49,49,55,49,57,49,49,53,57,49,57,57,55,47,55,59,47,51,45,53,55,55,49,47,51,53,0,0,0,0,0,0,0,0,0,0,0,0,0,0,0,0,0,0,0,0,0,0,0,0,0,0,0,0,0,0,0,0,0,0,0,0,0,0,0,0,0,0,0,0,0,0,0,0,0,0,0,0,0,0,0,0,0,0,0,0,0,0,0,0,0,0,0,0,0,0,0,0,0,0,0,12.7,15.2,15.2,17.8,17.8,19.1,19.1,19.1,20.3,22.9,25.4,25.4,25.4,25.4,26.7,27.9,27.9,27.9,27.9,27.9,27.9,27.9,30.5,30.5,30.5,30.5,33,33,33,33,33,33,35.6,35.6,35.6,35.6,35.6,38.1,38.1,38.1,38.1,38.1,38.1,38.1,38.1,39.4,40.6,40.6,40.6,40.6,40.6,41.9,43.2,43.2,43.2,43.2,44.5,47,48.3,48.3,48.3,48.3,48.3,49.5,50.8,50.8,50.8,50.8,50.8,53.3,53.3,53.3,53.3,55.9,55.9,55.9,55.9,58.4,58.4,63.5,63.5,63.5,64.8,71.1,0,0,0,0,0,0,0,0,0,0,0,0,0,0,0,0,0,0,0,0,0,0,0,0,0,0,0,0,0,0,0,0,0,0,0,0,0,0,0,0,0,0,0,0,0,0,0,0,0,0,0,0,0,0,0,0,0,0,0,0,0,0,0,0,0,0,0,0,0,0,0,0,0,0,0,na,0.3,0.4,1,1.2,0.6,1.1,1.1,1.1,1.7,1,1.2,2.1,2.4,2.3,1.2,1.2,1.3,1.3,1.3,1.4,1.5,1.2,1.4,1.5,1.7,1.2,1.3,1.6,1.7,1.7,1.9,1.2,1.2,1.7,1.8,1.9,1.4,1.5,1.6,1.6,1.7,1.7,1.7,1.8,2.1,1.7,1.7,1.9,1.9,2.6,1.6,2,2.1,2.3,2.4,2,1.4,1.2,1.4,1.7,1.7,2.7,2.1,1.5,1.7,1.7,1.9,3,1.5,2.1,2.6,2.7,2,2.1,2.2,2.4,2.3,2.5,2.5,3,3.6,2.8,3.5,0,0,0,0,0,0,0,0,0,0,0,0,0,0,0,0,0,0,0,0,0,0,0,0,0,0,0,0,0,0,0,0,0,0,0,0,0,0,0,0,0,0,0,0,0,0,0,0,0,0,0,0,0,0,0,0,0,0,0,0,0,0,0,0,0,0,0,0,0,0,0,0,0,0,0
303L,3,0,Late,na,na,69,69,69,69,69,69,69,69,69,69,69,69,69,69,69,69,69,69,69,69,69,69,69,69,69,69,69,69,69,69,69,69,69,67,69,69,69,69,69,69,69,69,69,69,67,69,69,69,69,69,69,68,69,69,69,63,69,69,68,69,69,69,68,69,69,69,69,69,69,69,67,67,69,69,69,67,67,0,0,0,0,0,0,0,0,0,0,0,0,0,0,0,0,0,0,0,0,0,0,0,0,0,0,0,0,0,0,0,0,0,0,0,0,0,0,0,0,0,0,0,0,0,0,0,0,0,0,0,0,0,0,0,0,0,0,0,0,0,0,0,0,0,0,0,0,0,0,0,0,0,0,0,0,0,0,0,0,12.7,17.8,25.4,33,34.3,34.3,35.6,40.6,40.6,40.6,43.2,43.2,43.2,43.2,44.5,45.7,47,48.3,48.3,48.3,48.3,49.5,49.5,52.1,53.3,53.3,55.9,55.9,55.9,57.2,57.2,57.2,57.2,61,62.2,66,68.6,71.1,73.7,74.9,76.2,76.2,77.5,78.7,78.7,78.7,80,80,82.6,83.8,83.8,85.1,86.4,86.4,86.4,86.4,88.9,88.9,91.4,91.4,92.7,94,96.5,96.5,97.8,99.1,101.6,102.9,102.9,104.1,106.7,109.2,111.8,111.8,115.6,115.6,116.8,121.9,121.9,0,0,0,0,0,0,0,0,0,0,0,0,0,0,0,0,0,0,0,0,0,0,0,0,0,0,0,0,0,0,0,0,0,0,0,0,0,0,0,0,0,0,0,0,0,0,0,0,0,0,0,0,0,0,0,0,0,0,0,0,0,0,0,0,0,0,0,0,0,0,0,0,0,0,0,0,0,0,0,0,0.86,0.29,0.47,0.4,0.51,0.83,0.85,0.62,0.76,0.8,0.76,0.85,0.88,1.06,0.63,0.75,0.7,0.84,0.93,1.01,1.04,1.22,1.49,1.31,0.52,1.36,0.81,0.99,1.33,0.92,0.92,1.03,1.2,0.96,1.25,0.98,1.6,1.32,1.44,1.44,1.55,2.27,1.74,1.22,1.4,1.98,1.76,1.97,1.56,1.37,1.39,1.54,1.41,1.56,1.76,2.24,1.49,1.89,2.18,2.48,1.89,2.1,1.86,2.16,1.67,2.2,2.96,2.01,3.52,2.11,2.28,2.38,2.11,3.11,3.02,3.22,2.42,3.18,3.44,0,0,0,0,0,0,0,0,0,0,0,0,0,0,0,0,0,0,0,0,0,0,0,0,0,0,0,0,0,0,0,0,0,0,0,0,0,0,0,0,0,0,0,0,0,0,0,0,0,0,0,0,0,0,0,0,0,0,0,0,0,0,0,0,0,0,0,0,0,0,0,0,0,0,0,0,0,0,0,0
401E,4,0,Early,45,na,47,45,41,43,45,41,41,na,45,47,45,47,49,43,47,49,51,55,49,49,43,49,45,43,45,51,49,49,53,55,49,45,49,45,47,53,49,49,49,49,53,49,55,53,51,55,47,49,45,49,59,45,53,49,55,49,51,59,49,51,55,49,53,53,49,57,57,59,51,57,53,57,49,41,55,59,57,55,57,49,59,59,59,57,59,53,59,49,51,55,55,59,53,55,53,59,55,59,57,55,59,59,57,0,0,0,0,0,0,0,0,0,0,0,0,0,0,0,0,0,0,0,0,0,0,0,0,0,0,0,0,0,0,0,0,0,0,0,0,0,0,0,0,0,0,0,0,0,0,0,0,0,0,0,0,0,0,8.9,15.2,15.2,17.8,20.3,20.3,20.3,20.3,20.3,20.3,22.9,26.7,27.9,29.2,30.5,31.8,31.8,31.8,33,33,33,33,33,33,33,33,33,34.3,35.6,35.6,35.6,38.1,38.1,38.1,39.4,40.6,40.6,40.6,40.6,43.2,44.5,45.7,45.7,45.7,47,47,47,48.3,48.3,48.3,48.3,50.8,50.8,50.8,53.3,53.3,53.3,53.3,54.6,54.6,54.6,54.6,55.9,55.9,55.9,55.9,55.9,57.2,58.4,58.4,58.4,58.4,58.4,58.4,58.4,58.4,59.7,61,61,61,62.2,62.2,63.5,63.5,63.5,63.5,63.5,64.8,66,66,66,67.3,67.3,68.6,68.6,68.6,68.6,71.1,71.1,71.1,72.4,73.7,77.5,78.7,78.7,0,0,0,0,0,0,0,0,0,0,0,0,0,0,0,0,0,0,0,0,0,0,0,0,0,0,0,0,0,0,0,0,0,0,0,0,0,0,0,0,0,0,0,0,0,0,0,0,0,0,0,0,0,0,0.7,na,na,0.9,1,1.5,1.5,1.5,1.6,na,1.1,1.3,1.8,1.2,1.5,1.5,1.6,1.7,0.9,1,1.2,1.4,1.4,1.4,1.7,1.7,1.9,2.1,1.6,1.6,1.7,1.5,1.8,2.7,2,1.8,1.9,2.3,2.4,1.6,1.7,1.9,1.9,2.6,1.4,1.5,1.7,1.6,1.7,2.1,2.4,1.7,1.9,3,1.6,2.4,2.4,2.4,1.9,2,2.4,2.5,1.8,2,2.7,3,3.3,3,1.1,1.6,2.3,2.4,2.6,2.7,3,3.4,2.5,1.8,2.4,3.2,2.7,3.9,1.8,1.8,2.2,2.2,2.4,3.4,2.4,2.4,3.2,3.2,3.6,2.9,3.1,3.5,4.1,2.6,3,3,3,3.2,3,3.1,3.4,0,0,0,0,0,0,0,0,0,0,0,0,0,0,0,0,0,0,0,0,0,0,0,0,0,0,0,0,0,0,0,0,0,0,0,0,0,0,0,0,0,0,0,0,0,0,0,0,0,0,0,0,0,0
401L,4,0,Late,59,59,59,67,65,61,61,61,61,61,61,61,67,59,61,65,61,61,63,67,61,65,61,63,61,67,65,65,63,61,69,63,63,61,63,61,61,65,65,63,61,61,61,65,61,61,63,67,63,69,67,63,65,61,65,69,61,67,63,65,61,69,65,0,0,0,0,0,0,0,0,0,0,0,0,0,0,0,0,0,0,0,0,0,0,0,0,0,0,0,0,0,0,0,0,0,0,0,0,0,0,0,0,0,0,0,0,0,0,0,0,0,0,0,0,0,0,0,0,0,0,0,0,0,0,0,0,0,0,0,0,0,0,0,0,0,0,0,0,0,0,0,0,0,0,0,0,0,0,0,0,0,0,0,0,0,0,0,0,35.6,43.2,43.2,53.3,53.3,58.4,58.4,63.5,71.1,71.1,71.1,73.7,73.7,73.7,73.7,76.2,76.2,76.2,76.2,78.7,78.7,78.7,81.3,81.3,83.8,83.8,83.8,83.8,83.8,83.8,86.4,86.4,86.4,88.9,88.9,88.9,88.9,88.9,91.4,94,94,94,96.5,96.5,96.5,99.1,99.1,99.1,99.1,101.6,101.6,101.6,104.1,104.1,104.1,106.7,109.2,111.8,111.8,114.3,114.3,116.8,127,0,0,0,0,0,0,0,0,0,0,0,0,0,0,0,0,0,0,0,0,0,0,0,0,0,0,0,0,0,0,0,0,0,0,0,0,0,0,0,0,0,0,0,0,0,0,0,0,0,0,0,0,0,0,0,0,0,0,0,0,0,0,0,0,0,0,0,0,0,0,0,0,0,0,0,0,0,0,0,0,0,0,0,0,0,0,0,0,0,0,0,0,0,0,0,0,0.58,0.52,0.63,0.82,1.15,0.6,1.27,1.14,0.93,1.14,1.29,1.1,1.13,1.25,1.53,0.98,1.28,1.41,1.56,1.14,1.21,1.59,1.56,1.59,1.24,1.42,1.82,1.86,1.98,2.24,1.45,1.53,1.6,1.28,1.61,1.61,1.64,2.31,1.85,1.85,1.96,2.13,1.44,2.13,2.23,1.67,1.81,2.03,2.28,1.72,1.73,1.95,1.69,2.97,3.24,1.95,2.69,2.17,2.24,2.2,3.25,1.73,3.13,0,0,0,0,0,0,0,0,0,0,0,0,0,0,0,0,0,0,0,0,0,0,0,0,0,0,0,0,0,0,0,0,0,0,0,0,0,0,0,0,0,0,0,0,0,0,0,0,0,0,0,0,0,0,0,0,0,0,0,0,0,0,0,0,0,0,0,0,0,0,0,0,0,0,0,0,0,0,0,0,0,0,0,0,0,0,0,0,0,0,0,0,0,0,0,0
402E,4,3,Early,45,51,43,45,na,41,45,49,45,45,45,47,47,47,45,35,47,41,41,49,41,45,41,47,41,41,45,17,51,45,47,49,47,45,45,45,41,45,49,45,47,49,47,45,47,47,47,49,47,47,47,49,49,51,47,49,49,49,47,43,55,47,45,43,49,47,51,49,55,53,47,45,47,49,47,53,47,53,49,53,49,57,49,45,55,53,49,53,49,0,0,0,0,0,0,0,0,0,0,0,0,0,0,0,0,0,0,0,0,0,0,0,0,0,0,0,0,0,0,0,0,0,0,0,0,0,0,0,0,0,0,0,0,0,0,0,0,0,0,0,0,0,0,0,0,0,0,0,0,0,0,0,0,0,0,0,0,0,0,12.7,15.2,15.2,15.2,15.2,17.8,17.8,17.8,19.1,20.3,20.3,20.3,21.6,21.6,21.6,22.9,22.9,22.9,22.9,22.9,22.9,22.9,24.1,24.1,25.4,25.4,27.9,27.9,27.9,27.9,27.9,27.9,29.2,29.2,30.5,30.5,31.8,33,33,33,33,34.3,35.6,35.6,35.6,35.6,36.8,36.8,38.1,38.1,38.1,38.1,38.1,39.4,39.4,39.4,40.6,40.6,40.6,40.6,43.2,43.2,43.2,43.2,43.2,43.2,43.2,44.5,44.5,44.5,44.5,45.7,45.7,45.7,45.7,45.7,47,48.3,48.3,50.8,53.3,53.3,54.6,54.6,55.9,55.9,58.4,63.5,68.6,0,0,0,0,0,0,0,0,0,0,0,0,0,0,0,0,0,0,0,0,0,0,0,0,0,0,0,0,0,0,0,0,0,0,0,0,0,0,0,0,0,0,0,0,0,0,0,0,0,0,0,0,0,0,0,0,0,0,0,0,0,0,0,0,0,0,0,0,0,0,na,na,na,na,na,0.7,1.2,na,0.4,1,1.2,1.8,1,1,1.4,0.7,0.7,0.9,1.7,1.8,2.1,2.3,1.2,1.4,1.2,1.3,1.1,1.1,1.1,1.3,1.5,2,1.1,1.7,1.6,1.7,2.1,1,1.3,1.5,1.8,1.8,1.4,1.7,2,2.5,2,2.5,1.3,1.4,1.7,1.8,2.4,1.4,1.4,1.5,1.8,1.8,2,2.5,1.3,1.6,2.2,2.2,2.2,2.5,2.5,1.5,1.6,2.1,2.4,1.9,2.3,2.4,2.4,2.4,2.5,2.6,3.6,2.5,2.3,3,2.7,3,2.4,2.7,3,2.5,3.5,0,0,0,0,0,0,0,0,0,0,0,0,0,0,0,0,0,0,0,0,0,0,0,0,0,0,0,0,0,0,0,0,0,0,0,0,0,0,0,0,0,0,0,0,0,0,0,0,0,0,0,0,0,0,0,0,0,0,0,0,0,0,0,0,0,0,0,0,0,0
402L,4,3,Late,59,59,69,59,63,63,65,63,69,63,69,67,65,63,65,69,65,65,61,69,65,65,69,59,67,61,69,67,63,67,69,67,65,69,65,67,69,69,65,69,69,67,69,67,65,65,69,69,69,67,69,67,69,67,67,69,67,69,67,69,67,69,69,69,69,69,67,69,67,67,69,69,69,67,67,69,67,67,69,67,69,69,69,67,0,0,0,0,0,0,0,0,0,0,0,0,0,0,0,0,0,0,0,0,0,0,0,0,0,0,0,0,0,0,0,0,0,0,0,0,0,0,0,0,0,0,0,0,0,0,0,0,0,0,0,0,0,0,0,0,0,0,0,0,0,0,0,0,0,0,0,0,0,0,0,0,0,0,0,35.6,38.1,58.4,66,66,68.6,71.1,73.7,73.7,73.7,73.7,76.2,78.7,81.3,81.3,83.8,83.8,86.4,86.4,91.4,94,94,96.5,96.5,96.5,99.1,99.1,101.6,101.6,104.1,104.1,104.1,104.1,106.7,106.7,106.7,106.7,109.2,109.2,111.8,111.8,114.3,114.3,114.3,114.3,114.3,114.3,116.8,116.8,119.4,119.4,121.9,121.9,124.5,127,127,127,129.5,129.5,129.5,129.5,132.1,132.1,134.6,134.6,134.6,134.6,134.6,137.2,139.7,139.7,144.8,144.8,144.8,144.8,144.8,147.3,149.9,152.4,152.4,152.4,154.9,157.5,160,0,0,0,0,0,0,0,0,0,0,0,0,0,0,0,0,0,0,0,0,0,0,0,0,0,0,0,0,0,0,0,0,0,0,0,0,0,0,0,0,0,0,0,0,0,0,0,0,0,0,0,0,0,0,0,0,0,0,0,0,0,0,0,0,0,0,0,0,0,0,0,0,0,0,0,0.29,0.42,0.5,0.76,1.22,0.9,0.83,0.78,1.11,1.24,1.83,1.2,1.1,1.11,1.29,1.21,1.74,1.35,1.54,1.78,1.42,3.26,1.04,1.12,1.43,1.18,1.57,1.25,1.71,1.39,1.62,1.71,1.86,1.39,1.52,1.52,1.81,1.73,2.09,1.38,1.67,1.6,1.75,1.96,2.02,2.3,2.44,1.74,2.09,1.65,2.12,1.57,2.54,2.54,1.78,1.99,2.05,1.97,2.25,2.63,2.91,2.33,2.78,2.17,2.37,2.67,2.79,3.16,2.12,2.84,2.94,2.91,3.05,3.13,3.28,3.33,2.77,3.86,2.96,3.24,3.28,4.12,4.07,3.16,0,0,0,0,0,0,0,0,0,0,0,0,0,0,0,0,0,0,0,0,0,0,0,0,0,0,0,0,0,0,0,0,0,0,0,0,0,0,0,0,0,0,0,0,0,0,0,0,0,0,0,0,0,0,0,0,0,0,0,0,0,0,0,0,0,0,0,0,0,0,0,0,0,0,0
403E,4,1.5,Early,na,45,45,49,49,53,51,53,55,51,49,49,49,49,51,na,49,55,49,53,49,49,49,na,51,51,59,49,51,59,59,47,53,59,53,51,53,59,57,59,57,53,57,na,55,57,57,53,57,57,59,57,55,55,55,53,57,57,55,53,59,57,55,59,59,57,55,59,55,55,55,55,59,0,0,0,0,0,0,0,0,0,0,0,0,0,0,0,0,0,0,0,0,0,0,0,0,0,0,0,0,0,0,0,0,0,0,0,0,0,0,0,0,0,0,0,0,0,0,0,0,0,0,0,0,0,0,0,0,0,0,0,0,0,0,0,0,0,0,0,0,0,0,0,0,0,0,0,0,0,0,0,0,0,0,0,0,0,0,17.8,22.9,24.1,27.9,30.5,36.8,38.1,38.1,38.1,38.1,40.6,40.6,40.6,40.6,44.5,45.7,45.7,45.7,47,48.3,48.3,50.8,50.8,50.8,53.3,55.9,57.2,57.2,57.2,58.4,59.7,61,61,62.2,63.5,63.5,64.8,66,66,66,68.6,68.6,71.1,71.1,71.1,71.1,71.1,72.4,72.4,72.4,73.7,73.7,73.7,73.7,74.9,76.2,77.5,78.7,78.7,80,81.3,81.3,81.3,82.6,83.8,83.8,83.8,83.8,85.1,85.1,86.4,88.9,96.5,0,0,0,0,0,0,0,0,0,0,0,0,0,0,0,0,0,0,0,0,0,0,0,0,0,0,0,0,0,0,0,0,0,0,0,0,0,0,0,0,0,0,0,0,0,0,0,0,0,0,0,0,0,0,0,0,0,0,0,0,0,0,0,0,0,0,0,0,0,0,0,0,0,0,0,0,0,0,0,0,0,0,0,0,0,0,0.8,0.7,1,1.3,1.1,1.4,1.1,1.2,1.2,1.4,1.4,1.7,1.8,1.9,2,1.6,1.9,2,1.6,1,2.1,2.1,2.1,2.4,2.4,2.4,1.1,1.9,2.4,2.1,2.4,1.6,2.4,2.4,2.4,2.6,2.6,2.6,2.6,2.8,2.8,3.5,2.5,2.8,3,3,3.6,3,3.2,3.3,2.6,2.6,2.7,3,3.3,2.5,3.4,3.4,3.4,3.6,2.7,2.8,3.1,2.9,3,3.2,3.4,3.6,3.3,3.9,4.1,3.4,3.4,0,0,0,0,0,0,0,0,0,0,0,0,0,0,0,0,0,0,0,0,0,0,0,0,0,0,0,0,0,0,0,0,0,0,0,0,0,0,0,0,0,0,0,0,0,0,0,0,0,0,0,0,0,0,0,0,0,0,0,0,0,0,0,0,0,0,0,0,0,0,0,0,0,0,0,0,0,0,0,0,0,0,0,0,0,0
403L,4,1.5,Late,61,61,61,65,61,61,63,61,65,67,61,63,67,69,65,63,69,65,61,65,69,61,67,63,63,65,61,69,65,65,67,69,63,67,65,67,65,61,65,67,65,65,69,69,65,61,69,65,65,65,69,65,65,67,67,69,69,67,67,65,69,65,67,65,67,67,65,65,65,65,69,65,67,65,69,65,65,65,61,67,61,65,67,69,67,65,67,65,65,67,69,67,67,65,65,67,65,67,69,67,67,67,65,67,69,0,0,0,0,0,0,0,0,0,0,0,0,0,0,0,0,0,0,0,0,0,0,0,0,0,0,0,0,0,0,0,0,0,0,0,0,0,0,0,0,0,0,0,0,0,0,0,0,0,0,0,0,0,0,25.4,38.1,40.6,48.3,50.8,50.8,55.9,55.9,58.4,58.4,63.5,66,66,66,66,68.6,71.1,71.1,71.1,73.7,76.2,76.2,76.2,78.7,78.7,78.7,81.3,81.3,83.8,83.8,88.9,88.9,88.9,88.9,88.9,88.9,91.4,91.4,91.4,91.4,91.4,91.4,91.4,94,94,94,94,94,96.5,96.5,96.5,96.5,99.1,99.1,99.1,99.1,99.1,99.1,101.6,101.6,101.6,101.6,101.6,104.1,104.1,104.1,104.1,106.7,106.7,106.7,106.7,106.7,106.7,109.2,109.2,109.2,109.2,109.2,109.2,111.8,111.8,114.3,114.3,114.3,116.8,116.8,116.8,121.9,121.9,121.9,121.9,121.9,124.5,124.5,127,129.5,129.5,129.5,129.5,134.6,134.6,134.6,139.7,142.2,144.8,0,0,0,0,0,0,0,0,0,0,0,0,0,0,0,0,0,0,0,0,0,0,0,0,0,0,0,0,0,0,0,0,0,0,0,0,0,0,0,0,0,0,0,0,0,0,0,0,0,0,0,0,0,0,0.58,0.75,0.53,0.56,0.41,0.97,0.44,0.95,0.54,0.83,0.72,0.91,1.02,1.24,1.29,0.92,0.58,0.82,1.06,1.14,0.72,1.13,1.55,1.15,1.33,1.49,0.91,0.94,1.1,1.29,1,1.34,1.38,1.39,1.59,1.76,1.18,1.25,1.27,1.39,1.4,1.41,1.48,1.46,1.49,1.53,1.63,1.96,1.58,1.76,1.88,2.15,1.34,1.39,1.63,1.71,1.72,1.84,1.15,1.34,1.73,1.95,2.11,1.61,1.76,1.79,2.33,1.8,1.88,1.89,1.99,2.05,2.44,1.88,2.06,2.19,2.22,2.4,2.42,1.73,1.86,1.87,2.36,3.27,1.88,2.16,2.26,2.22,2.33,2.87,3.11,3.22,1.8,2.8,2.6,2.58,2.6,2.83,3.18,2.53,3.59,3.74,2.9,2.65,3.33,0,0,0,0,0,0,0,0,0,0,0,0,0,0,0,0,0,0,0,0,0,0,0,0,0,0,0,0,0,0,0,0,0,0,0,0,0,0,0,0,0,0,0,0,0,0,0,0,0,0,0,0,0,0
501E,5,3,Early,59,45,51,51,55,59,51,59,59,59,59,59,59,55,49,59,59,55,59,59,57,na,59,59,57,59,59,57,59,55,59,59,53,55,57,59,57,59,57,59,49,59,59,53,59,57,55,55,57,55,59,na,55,55,57,55,59,59,51,53,57,59,55,59,57,na,59,59,59,57,59,59,57,59,57,59,59,57,59,57,59,59,59,59,59,57,0,0,0,0,0,0,0,0,0,0,0,0,0,0,0,0,0,0,0,0,0,0,0,0,0,0,0,0,0,0,0,0,0,0,0,0,0,0,0,0,0,0,0,0,0,0,0,0,0,0,0,0,0,0,0,0,0,0,0,0,0,0,0,0,0,0,0,0,0,0,0,0,0,0.9,39.4,40.6,48.3,54.6,57.2,58.4,58.4,61,63.5,63.5,63.5,63.5,66,66,68.6,68.6,69.9,71.1,71.1,71.1,72.4,73.7,73.7,73.7,73.7,73.7,74.9,76.2,76.2,76.2,76.2,76.2,76.2,77.5,78.7,78.7,80,81.3,81.3,81.3,82.6,82.6,83.8,83.8,83.8,83.8,83.8,85.1,86.4,86.4,86.4,86.4,86.4,87.6,87.6,87.6,87.6,88.9,88.9,88.9,90.2,91.4,91.4,91.4,91.4,92.7,92.7,92.7,92.7,94,94,95.3,95.3,95.3,96.5,96.5,97.8,99.1,99.1,99.1,101.6,102.9,102.9,104.1,104.1,0,0,0,0,0,0,0,0,0,0,0,0,0,0,0,0,0,0,0,0,0,0,0,0,0,0,0,0,0,0,0,0,0,0,0,0,0,0,0,0,0,0,0,0,0,0,0,0,0,0,0,0,0,0,0,0,0,0,0,0,0,0,0,0,0,0,0,0,0,0,0,0,0,3,1.7,1,1.7,1.8,2.4,1.8,2.3,2.2,1.5,1.6,2.3,2.4,2.4,2.6,2,2.5,2.7,1.5,1.9,2,2.7,1.9,2.3,3,3,3.2,2.4,2.1,2.4,2.6,3.1,3.6,4,3.5,2.3,3.2,2.7,2.7,3.2,4.2,2.5,3.3,2.6,2.6,3.3,3.6,3.6,2.4,2.1,3,3,3.9,4.2,3,3.1,3.1,3.4,2.8,3.7,3.7,3,3,3.3,3.6,4.3,2.3,3.2,3.3,4.4,3,3.2,3,3.7,3.8,3.2,3.7,3.2,3.8,3.9,3.9,4.2,3.8,3.8,3.3,4.2,0,0,0,0,0,0,0,0,0,0,0,0,0,0,0,0,0,0,0,0,0,0,0,0,0,0,0,0,0,0,0,0,0,0,0,0,0,0,0,0,0,0,0,0,0,0,0,0,0,0,0,0,0,0,0,0,0,0,0,0,0,0,0,0,0,0,0,0,0,0,0,0,0
501L,5,3,Late,65,25,47,41,59,69,69,61,69,65,69,61,61,39,69,69,69,69,69,69,67,61,61,69,69,69,69,69,69,69,65,69,63,65,69,67,69,63,69,69,69,65,69,69,69,69,69,69,63,69,67,69,67,69,69,67,69,69,69,69,69,67,69,69,67,69,69,69,69,69,69,69,69,69,67,69,69,69,67,69,69,69,69,69,69,69,69,69,69,69,69,69,69,69,71,67,67,67,69,69,69,69,69,69,69,69,69,67,69,69,69,69,69,69,69,67,69,69,67,69,69,69,69,69,69,69,69,69,67,69,69,69,69,69,69,69,69,69,69,69,69,69,69,67,69,69,69,69,69,69,69,69,69,69,69,69,69,69,69,33,33,38.1,48.3,50.8,71.1,73.7,73.7,76.2,81.3,81.3,83.8,86.4,86.4,88.9,88.9,88.9,91.4,91.4,91.4,94,96.5,99.1,99.1,99.1,99.1,99.1,99.1,99.1,101.6,101.6,101.6,101.6,101.6,101.6,104.1,106.7,106.7,109.2,109.2,109.2,109.2,111.8,111.8,111.8,111.8,114.3,114.3,114.3,114.3,114.3,116.8,116.8,116.8,116.8,116.8,116.8,116.8,119.4,119.4,119.4,119.4,121.9,121.9,121.9,121.9,121.9,121.9,124.5,124.5,124.5,124.5,124.5,124.5,124.5,124.5,124.5,124.5,127,127,127,127,127,127,127,127,129.5,129.5,129.5,129.5,129.5,132.1,132.1,132.1,132.1,132.1,132.1,132.1,134.6,134.6,134.6,134.6,134.6,134.6,137.2,137.2,137.2,137.2,137.2,139.7,139.7,139.7,139.7,139.7,139.7,139.7,139.7,139.7,139.7,139.7,142.2,142.2,142.2,142.2,142.2,142.2,142.2,142.2,144.8,144.8,144.8,144.8,144.8,144.8,144.8,144.8,147.3,147.3,147.3,147.3,147.3,147.3,147.3,149.9,149.9,149.9,152.4,152.4,152.4,152.4,152.4,154.9,154.9,157.5,160,160,160,165.1,175.3,0.63,0.74,1.69,1.51,0.81,0.54,1.17,1.46,0.85,1.15,1.19,1.06,1.68,2.56,0.97,1.82,2.55,0.78,0.83,1.18,2.02,1.13,0.66,1.02,1.22,1.41,1.47,1.53,1.86,1.21,1.25,1.46,1.61,1.8,1.96,1.85,1.19,1.44,1.51,1.51,1.73,1.86,1.54,1.79,2.31,2.5,1.48,2.17,2.29,2.46,3.78,1.46,1.52,1.83,1.99,2.09,2.35,2.39,1.72,1.73,1.75,2.15,1.29,1.84,1.95,2.38,2.51,2.75,1.74,1.8,1.89,1.94,2.15,2.21,2.21,2.26,2.33,3.12,2.08,2.12,2.19,2.44,2.45,2.59,2.63,3.84,1.57,1.88,2.3,2.77,2.85,1.72,1.83,2.1,2.16,2.62,2.76,2.78,2.04,2.15,2.22,2.62,2.93,3.09,1.98,2.4,2.56,2.58,2.71,2.05,2.13,2.17,2.34,2.53,2.68,2.77,2.88,2.97,3.05,3.07,2.06,2.07,2.38,3.02,3.06,3.07,3.22,3.48,2.31,2.42,2.61,2.75,2.82,3.33,3.39,3.6,2.4,2.58,2.84,3.11,3.35,3.48,3.91,2.94,3.13,3.7,2.49,3.09,3.19,3.36,3.6,2.76,3.05,3.55,2.95,3.38,3.39,3.4,3.46
502E,5,0,Early,na,45,45,49,51,41,47,45,47,45,45,49,51,45,59,51,47,45,45,59,49,51,57,45,47,45,47,51,47,47,47,51,49,53,na,53,53,47,51,49,49,47,49,51,59,55,49,na,55,49,53,49,55,53,51,51,53,57,59,49,45,47,55,55,51,51,45,55,55,49,na,47,45,59,53,53,57,49,45,59,57,55,53,55,53,55,57,53,53,57,57,59,55,0,0,0,0,0,0,0,0,0,0,0,0,0,0,0,0,0,0,0,0,0,0,0,0,0,0,0,0,0,0,0,0,0,0,0,0,0,0,0,0,0,0,0,0,0,0,0,0,0,0,0,0,0,0,0,0,0,0,0,0,0,0,0,0,0,0,10.2,17.8,17.8,17.8,20.3,20.3,20.3,22.9,25.4,26.7,27.9,29.2,29.2,29.2,30.5,30.5,30.5,30.5,31.8,33,33,33,33,33,33,33,35.6,35.6,35.6,35.6,36.8,38.1,38.1,38.1,38.1,39.4,40.6,40.6,40.6,41.9,41.9,43.2,43.2,43.2,43.2,43.2,43.2,44.5,45.7,45.7,45.7,45.7,45.7,48.3,48.3,48.3,48.3,48.3,48.3,48.3,48.3,48.3,48.3,50.8,50.8,50.8,50.8,52.1,53.3,53.3,53.3,53.3,54.6,54.6,55.9,55.9,58.4,58.4,58.4,59.7,61,62.2,63.5,63.5,63.5,63.5,63.5,64.8,66,68.6,72.4,74.9,76.2,0,0,0,0,0,0,0,0,0,0,0,0,0,0,0,0,0,0,0,0,0,0,0,0,0,0,0,0,0,0,0,0,0,0,0,0,0,0,0,0,0,0,0,0,0,0,0,0,0,0,0,0,0,0,0,0,0,0,0,0,0,0,0,0,0,0,na,0.5,1,1.3,0.9,1.1,1.5,1.5,1,1.4,1.8,1,1.7,1.7,1.2,1.3,1.4,1.4,1.5,1.4,1.5,1.7,1.7,1.9,2,2.1,1.2,1.3,1.9,2.3,2.3,1.4,1.8,2.1,2.4,1.4,1.4,1.9,2,2.5,2.6,1.2,1.4,1.7,1.7,2.4,2.4,1.4,1.9,2,2.1,2.3,2.5,1.7,1.7,2,2.5,2.5,2.6,2.7,3,3,3,1.8,2.4,2.5,2.6,2,1.2,2,2,2.5,2.4,2.4,2.3,3,2,2.4,3,2.4,1.7,3,2,2.1,3,3,3.6,3.1,2.7,2.5,2.6,2.6,3,0,0,0,0,0,0,0,0,0,0,0,0,0,0,0,0,0,0,0,0,0,0,0,0,0,0,0,0,0,0,0,0,0,0,0,0,0,0,0,0,0,0,0,0,0,0,0,0,0,0,0,0,0,0,0,0,0,0,0,0,0,0,0,0,0,0
502L,5,0,Late,65,25,63,61,59,35,53,59,59,65,65,63,61,63,61,61,65,63,61,67,63,63,61,63,61,61,65,67,61,61,61,61,63,69,67,67,65,67,67,65,69,69,69,67,65,63,67,67,67,61,67,63,67,61,63,69,65,63,61,67,67,69,65,63,67,67,67,67,69,67,67,67,67,0,0,0,0,0,0,0,0,0,0,0,0,0,0,0,0,0,0,0,0,0,0,0,0,0,0,0,0,0,0,0,0,0,0,0,0,0,0,0,0,0,0,0,0,0,0,0,0,0,0,0,0,0,0,0,0,0,0,0,0,0,0,0,0,0,0,0,0,0,0,0,0,0,0,0,0,0,0,0,0,0,0,0,0,0,0,12.7,25.4,27.9,30.5,30.5,30.5,43.2,45.7,48.3,53.3,63.5,63.5,68.6,68.6,71.1,73.7,76.2,76.2,76.2,78.7,78.7,81.3,81.3,81.3,81.3,81.3,81.3,83.8,83.8,83.8,83.8,83.8,88.9,88.9,88.9,91.4,91.4,94,94,94,94,96.5,96.5,96.5,96.5,96.5,99.1,99.1,99.1,99.1,99.1,101.6,104.1,104.1,104.1,104.1,106.7,106.7,106.7,109.2,109.2,109.2,109.2,109.2,109.2,109.2,111.8,114.3,116.8,121.9,124.5,127,137.2,0,0,0,0,0,0,0,0,0,0,0,0,0,0,0,0,0,0,0,0,0,0,0,0,0,0,0,0,0,0,0,0,0,0,0,0,0,0,0,0,0,0,0,0,0,0,0,0,0,0,0,0,0,0,0,0,0,0,0,0,0,0,0,0,0,0,0,0,0,0,0,0,0,0,0,0,0,0,0,0,0,0,0,0,0,0,1,0.37,0.48,0.57,0.7,1.76,1.59,0.78,0.95,0.66,1.23,1.58,0.97,1.29,0.92,1.4,1.05,1.1,1.5,1.31,1.49,1.16,1.41,1.53,1.56,1.61,1.79,1.48,1.51,1.82,2.04,2.76,1.43,1.68,2.12,1.75,1.93,1.62,1.74,2.12,2.24,1.54,1.87,1.9,2.26,2.36,1.81,1.84,1.91,2.02,2.35,2.19,2.16,2.22,2.31,2.48,2.13,2.41,2.63,2.1,2.32,2.51,2.57,2.7,2.76,2.86,1.76,2.36,2.39,2.79,3.03,2.91,3.43,0,0,0,0,0,0,0,0,0,0,0,0,0,0,0,0,0,0,0,0,0,0,0,0,0,0,0,0,0,0,0,0,0,0,0,0,0,0,0,0,0,0,0,0,0,0,0,0,0,0,0,0,0,0,0,0,0,0,0,0,0,0,0,0,0,0,0,0,0,0,0,0,0,0,0,0,0,0,0,0,0,0,0,0,0,0
503E,5,1.5,Early,na,na,na,53,47,55,55,55,59,55,59,45,55,55,49,53,55,59,53,49,55,59,49,59,59,59,55,55,59,59,59,57,57,53,55,49,59,55,57,57,55,55,59,59,59,55,59,51,55,59,59,59,53,55,59,59,47,59,51,59,59,59,59,55,59,57,59,51,59,55,57,59,59,57,59,57,59,57,59,59,57,59,57,0,0,0,0,0,0,0,0,0,0,0,0,0,0,0,0,0,0,0,0,0,0,0,0,0,0,0,0,0,0,0,0,0,0,0,0,0,0,0,0,0,0,0,0,0,0,0,0,0,0,0,0,0,0,0,0,0,0,0,0,0,0,0,0,0,0,0,0,0,0,0,0,0,0,0,0,15.2,22.9,22.9,27.9,30.5,33,33,33,33,34.3,35.6,38.1,43.2,44.5,45.7,45.7,45.7,47,48.3,48.3,49.5,53.3,53.3,54.6,54.6,55.9,55.9,55.9,58.4,58.4,58.4,61,61,62.2,63.5,63.5,66,66,66,66,66,67.3,68.6,68.6,68.6,68.6,68.6,68.6,71.1,71.1,71.1,71.1,72.4,73.7,73.7,73.7,73.7,73.7,73.7,74.9,76.2,76.2,76.2,77.5,78.7,78.7,80,81.3,81.3,81.3,82.6,86.4,86.4,87.6,88.9,88.9,94,94,95.3,95.3,95.3,99.1,99.1,0,0,0,0,0,0,0,0,0,0,0,0,0,0,0,0,0,0,0,0,0,0,0,0,0,0,0,0,0,0,0,0,0,0,0,0,0,0,0,0,0,0,0,0,0,0,0,0,0,0,0,0,0,0,0,0,0,0,0,0,0,0,0,0,0,0,0,0,0,0,0,0,0,0,0,0,na,na,na,0.9,2.1,1,1.7,1.1,1.1,1,1.1,2.3,1.4,1.7,1.2,1.6,2.1,1.9,0.9,1.1,2,1.4,1.7,1.3,1.9,1.5,1.9,2,1.1,1.4,1.6,1.4,1.7,3.7,1.8,2.3,1.4,2,2.1,2.3,2.4,2.3,1.2,1.6,1.8,1.8,3,3.2,2.3,2.4,2.4,3.1,3,2,2,2.1,2.4,2.5,2.7,2.6,2,2.5,3.9,2.6,2,2.6,2.5,2,2.4,3,3,2.6,3.5,3,3.1,3.3,3,3,3.3,3.3,3.4,3,3.2,0,0,0,0,0,0,0,0,0,0,0,0,0,0,0,0,0,0,0,0,0,0,0,0,0,0,0,0,0,0,0,0,0,0,0,0,0,0,0,0,0,0,0,0,0,0,0,0,0,0,0,0,0,0,0,0,0,0,0,0,0,0,0,0,0,0,0,0,0,0,0,0,0,0,0,0
503L,5,1.5,Late,61,71,65,65,65,61,69,69,67,59,69,69,65,69,65,69,69,69,69,69,67,69,69,65,67,69,69,69,67,67,69,65,67,67,67,69,69,67,67,67,69,69,69,69,65,67,69,69,67,69,69,69,69,69,69,69,69,67,67,69,69,69,67,67,71,69,69,67,69,67,69,69,69,63,69,69,69,69,69,69,69,69,69,69,67,69,67,69,0,0,0,0,0,0,0,0,0,0,0,0,0,0,0,0,0,0,0,0,0,0,0,0,0,0,0,0,0,0,0,0,0,0,0,0,0,0,0,0,0,0,0,0,0,0,0,0,0,0,0,0,0,0,0,0,0,0,0,0,0,0,0,0,0,0,0,0,0,0,0,40.6,48.3,58.4,61,61,63.5,66,68.6,68.6,68.6,71.1,73.7,76.2,78.7,81.3,81.3,83.8,83.8,86.4,86.4,86.4,88.9,91.4,91.4,94,94,94,96.5,96.5,96.5,99.1,100.3,101.6,101.6,101.6,104.1,106.7,106.7,106.7,109.2,109.2,109.2,111.8,111.8,111.8,114.3,114.3,114.3,114.3,114.3,114.3,114.3,116.8,119.4,119.4,121.9,121.9,121.9,121.9,121.9,124.5,124.5,124.5,124.5,124.5,127,127,129.5,129.5,129.5,132.1,134.6,134.6,134.6,137.2,137.2,137.2,137.2,137.2,137.2,139.7,139.7,139.7,142.2,142.2,142.2,144.8,149.9,0,0,0,0,0,0,0,0,0,0,0,0,0,0,0,0,0,0,0,0,0,0,0,0,0,0,0,0,0,0,0,0,0,0,0,0,0,0,0,0,0,0,0,0,0,0,0,0,0,0,0,0,0,0,0,0,0,0,0,0,0,0,0,0,0,0,0,0,0,0,0,1.04,0.77,0.79,0.77,1.91,1.47,0.67,0.73,0.84,1.66,0.72,1.16,1.21,1.23,1.5,1.85,1.2,1.25,1.02,1.91,1.92,1.52,1.43,1.9,1.23,1.42,1.59,1.1,1.35,1.45,1.77,2.63,1.44,1.71,1.76,1.63,1.71,2.12,2.36,1.89,2.01,2.03,1.82,1.89,2.4,1.92,2,2.13,2.26,2.32,2.38,2.56,0.96,2.4,2.42,2.08,2.26,2.35,2.98,3.24,2.35,2.51,2.75,2.92,3.13,2.25,2.49,2.6,2.78,3.16,2.64,2.06,2.67,2.73,2.72,2.91,2.99,3.05,3.11,3.12,2.66,2.97,3.47,2.51,3.09,3.41,3.34,2.99,0,0,0,0,0,0,0,0,0,0,0,0,0,0,0,0,0,0,0,0,0,0,0,0,0,0,0,0,0,0,0,0,0,0,0,0,0,0,0,0,0,0,0,0,0,0,0,0,0,0,0,0,0,0,0,0,0,0,0,0,0,0,0,0,0,0,0,0,0,0,0